{
  "evaluation_date": "2026-01-07T15:48:11.541494",
  "model_directory": "models",
  "results": {
    "income_arima": {
      "mse": 11116336.015089616,
      "rmse": 3334.1169768155432,
      "mape": 4.652180996402256
    },
    "income_sarima": {
      "mse": 19431404.753356617,
      "rmse": 4408.106708481161,
      "mape": 6.764616298075995
    },
    "income_rf": {
      "mse": 19191051.919741258,
      "rmse": 4380.759285756438,
      "mape": 6.578094345169349,
      "r2_score": 0.4264315223906705
    },
    "health_stress_classifier": {
      "accuracy": 0.95,
      "precision": 0.9378793486306439,
      "recall": 0.95,
      "f1_score": 0.9404155672823219
    },
    "health_risk_predictor": {
      "mse": 10.064651658907318,
      "rmse": 3.172483515939416,
      "mae": 1.5773223046318448,
      "r2_score": 0.8345739594396473
    }
  }
}